produit,annee,mediane,ic5,ic95,largeur_ic
Trulicity,2026,312.4643531300753,293.40150395483033,337.98600101074055,44.58449705591022
Trulicity,2027,318.09189924749353,296.6654365286263,348.6662716311606,52.000835102534325
Verzenio,2026,244.38219911140487,221.43706208499546,262.03945937937283,40.60239729437737
Verzenio,2027,258.9232049306819,227.96336261452336,290.2498167284733,62.28645411394996
Jardiance,2026,161.3014603190285,155.60656645860757,169.0314495727188,13.424883114111225
Jardiance,2027,167.6312427832089,159.53080664487584,177.87139827720918,18.340591632333343
