produit,n_points,L_M_euros,k,annee_pic_croissance
Trulicity,10,326.03073791606255,0.5152923300908416,2020.0558563134377
Verzenio,7,275.3310090889524,0.6401736114027708,2022.8811789660328
Jardiance,5,171.7530890227061,1.3327649354508713,2023.8291258166341
